id	side	rt125	rt250	rt500	rt1000	rt2000	rt4000	rt8000	edt	onset_ms	ned_mean	mix_s	c50	iacc	hf_edge	mod_db	gain_db
f_chamber_burst	oracle	2.687	2.464	2.380	2.259	2.139	1.951	1.601	2.049	35.0	0.000	0.000	0.0	0.000	12500	0.0	-7.1
f_chamber_burst	tw	2.612	2.256	2.276	2.281	1.950	1.762	1.464	2.410	32.2	0.000	0.000	0.0	0.000	12500	0.0	-10.7
f_chamber_sine	oracle	0.000	0.000	2.836	2.822	2.816	2.338	1.790	5.635	46.8	0.000	0.000	0.0	0.000	0	-28.3	-1.2
f_chamber_sine	tw	0.000	0.000	2.241	2.263	2.263	0.000	0.000	3.710	31.4	0.000	0.000	0.0	0.000	0	-32.9	-8.6
f_chamber_swp	oracle	2.867	2.813	2.771	2.632	2.309	2.038	1.686	1.986	10.1	0.619	0.305	-8.9	0.088	12500	0.0	-5.3
f_chamber_swp	tw	2.681	2.662	2.749	2.571	2.337	1.966	1.577	2.267	10.1	0.607	0.285	-8.7	0.087	12500	0.0	-9.0
f_chamber_swpL	oracle	2.872	2.816	2.775	2.629	2.309	2.040	1.686	1.986	10.1	0.620	0.305	-8.9	0.088	12500	0.0	-11.3
f_chamber_swpL	tw	2.681	2.660	2.749	2.572	2.338	1.967	1.577	2.267	10.1	0.607	0.285	-8.7	0.087	12500	0.0	-15.0
f_chamber_swpR	oracle	2.875	2.811	2.770	2.642	2.301	2.031	1.695	1.991	10.1	0.631	0.275	-8.9	0.091	12500	0.0	-11.3
f_chamber_swpR	tw	2.681	2.660	2.749	2.572	2.338	1.967	1.577	2.267	10.1	0.607	0.285	-8.7	0.087	12500	0.0	-15.0
f_concert_hall_burst	oracle	2.977	2.941	2.725	2.336	1.989	1.717	1.351	1.882	7.8	0.000	0.000	0.0	0.000	10000	0.0	-10.2
f_concert_hall_burst	tw	2.932	2.961	2.684	2.336	2.008	1.719	1.373	1.983	7.8	0.000	0.000	0.0	0.000	10000	0.0	-10.4
f_concert_hall_imp	oracle	2.630	2.457	2.390	2.157	1.948	1.739	1.386	1.768	0.1	0.433	0.480	1.9	0.024	8000	0.0	-10.4
f_concert_hall_imp	tw	3.044	2.616	2.324	2.095	1.955	1.653	1.315	1.848	0.1	0.411	0.490	1.5	0.024	8000	0.0	-10.3
f_concert_hall_sine	oracle	0.000	0.000	2.024	1.650	1.679	0.000	0.000	7.621	11.3	0.000	0.000	0.0	0.000	0	-22.1	-5.3
f_concert_hall_sine	tw	0.000	0.000	1.822	2.012	2.011	0.000	0.000	12.782	11.3	0.000	0.000	0.0	0.000	0	-23.5	-4.3
f_concert_hall_swp	oracle	3.576	3.445	2.945	2.518	2.202	1.849	1.442	1.856	0.1	0.494	0.355	1.7	0.024	10000	0.0	-8.6
f_concert_hall_swp	tw	3.280	3.211	2.948	2.582	2.291	1.884	1.432	1.846	0.1	0.495	0.310	1.7	0.032	8000	0.0	-8.7
f_concert_hall_swpL	oracle	3.501	3.451	2.997	2.459	2.226	1.857	1.457	2.154	0.1	0.382	0.375	1.9	0.007	8000	0.0	-11.6
f_concert_hall_swpL	tw	3.299	3.357	2.950	2.600	2.271	1.885	1.450	2.140	0.1	0.390	0.360	1.9	0.012	10000	0.0	-11.7
f_concert_hall_swpR	oracle	3.610	3.508	2.956	2.566	2.251	1.892	1.420	1.715	19.3	0.488	0.295	2.2	0.026	8000	0.0	-11.6
f_concert_hall_swpR	tw	3.306	3.331	2.874	2.574	2.302	1.875	1.406	1.726	19.4	0.504	0.295	2.1	0.014	8000	0.0	-11.7
f_plate_burst	oracle	1.752	1.777	1.641	1.732	1.625	1.622	1.477	1.811	6.8	0.000	0.000	0.0	0.000	12500	0.0	-6.9
f_plate_burst	tw	1.767	1.819	1.671	1.740	1.643	1.604	1.473	1.750	5.0	0.000	0.000	0.0	0.000	12500	0.0	-8.3
f_plate_imp	oracle	1.922	2.035	1.858	1.878	1.794	1.700	1.522	1.706	0.2	0.794	0.200	-2.4	0.048	12500	0.0	-6.8
f_plate_imp	tw	1.694	1.655	1.686	1.654	1.631	1.608	1.463	1.717	0.2	0.665	0.360	-2.5	0.039	12500	0.0	-8.2
f_plate_sine	oracle	0.000	2.211	2.475	2.491	2.485	0.000	0.000	0.582	12.9	0.000	0.000	0.0	0.000	0	-26.8	0.2
f_plate_sine	tw	0.000	0.000	2.140	2.146	2.149	0.000	0.000	0.858	12.9	0.000	0.000	0.0	0.000	0	-36.8	-0.6
f_plate_swp	oracle	1.742	1.866	1.746	1.811	1.741	1.670	1.546	1.638	0.2	0.837	0.180	-2.3	0.042	12500	0.0	-5.1
f_plate_swp	tw	1.879	1.952	1.830	1.758	1.722	1.660	1.519	1.670	0.2	0.804	0.185	-2.2	0.040	12500	0.0	-6.6
f_plate_swpL	oracle	1.745	1.799	1.739	1.764	1.712	1.671	1.547	1.667	0.4	0.872	0.165	-2.1	0.030	12500	0.0	-8.3
f_plate_swpL	tw	1.886	1.862	1.899	1.759	1.703	1.676	1.503	1.690	0.4	0.789	0.260	-1.9	0.026	12500	0.0	-9.8
f_plate_swpR	oracle	1.762	1.879	1.814	1.786	1.777	1.691	1.526	1.577	0.2	0.715	0.275	-2.1	0.092	12500	0.0	-8.0
f_plate_swpR	tw	1.735	1.827	1.768	1.813	1.752	1.664	1.502	1.582	0.2	0.647	0.335	-1.9	0.087	12500	0.0	-9.5
f_room_burst	oracle	1.640	1.534	1.432	1.350	1.414	1.180	0.912	1.464	7.7	0.000	0.000	0.0	0.000	12500	0.0	-10.0
f_room_burst	tw	1.584	1.543	1.585	1.455	1.446	1.231	0.957	1.319	7.7	0.000	0.000	0.0	0.000	12500	0.0	-10.2
f_room_imp	oracle	1.224	1.479	1.477	1.429	1.454	1.323	1.019	1.233	0.1	0.865	0.125	1.3	0.065	8000	0.0	-10.0
f_room_imp	tw	1.204	1.244	1.304	1.310	1.340	1.198	0.944	1.283	0.1	0.851	0.130	1.0	0.074	6300	0.0	-10.0
f_room_sine	oracle	0.000	0.000	1.234	1.246	1.250	0.000	0.000	0.538	10.4	0.000	0.000	0.0	0.000	0	-18.4	-3.0
f_room_sine	tw	0.000	0.000	1.515	1.528	1.516	0.000	0.000	1.213	9.9	0.000	0.000	0.0	0.000	0	-18.5	-3.4
f_room_swp	oracle	1.956	1.727	1.725	1.615	1.534	1.334	1.022	1.255	0.1	0.872	0.160	1.5	0.071	6300	0.0	-8.4
f_room_swp	tw	1.875	1.580	1.660	1.552	1.538	1.339	1.008	1.191	0.1	0.883	0.130	1.5	0.082	6300	0.0	-8.5
f_room_swpL	oracle	1.787	1.781	1.636	1.581	1.506	1.328	1.019	1.342	0.1	0.830	0.135	1.5	0.042	6300	0.0	-11.3
f_room_swpL	tw	1.730	1.539	1.650	1.534	1.523	1.327	1.013	1.337	0.1	0.803	0.140	1.5	0.041	6300	0.0	-11.4
f_room_swpR	oracle	1.854	1.785	1.655	1.594	1.551	1.368	1.030	1.154	7.4	0.863	0.125	1.7	0.079	6300	0.0	-11.3
f_room_swpR	tw	1.772	1.571	1.586	1.627	1.535	1.356	1.019	1.108	7.4	0.867	0.130	1.8	0.086	6300	0.0	-11.4
f_small_plate_swp	oracle	1.800	2.003	1.903	1.809	1.827	1.741	1.569	1.634	0.1	0.982	0.060	-1.5	0.054	12500	0.0	-3.8
f_small_plate_swp	tw	1.806	1.853	2.015	1.824	1.809	1.708	1.451	1.621	0.1	0.977	0.085	-1.5	0.053	12500	0.0	-5.3
s_concert_hall_dcy10	oracle	0.801	0.779	0.835	0.779	0.794	0.717	0.617	1.400	0.1	0.344	0.355	3.2	0.044	12500	0.0	-9.0
s_concert_hall_dcy10	tw	0.825	0.751	0.810	0.773	0.782	0.715	0.612	1.402	0.1	0.385	0.295	3.2	0.042	12500	0.0	-9.2
s_concert_hall_dcy30	oracle	1.288	1.245	1.302	1.282	1.247	1.128	0.961	1.368	0.1	0.399	0.355	3.1	0.037	12500	0.0	-9.0
s_concert_hall_dcy30	tw	1.283	1.325	1.281	1.239	1.244	1.131	0.959	1.375	0.1	0.422	0.305	3.1	0.036	10000	0.0	-9.1
s_concert_hall_dcy50	oracle	2.080	2.019	1.965	1.888	1.882	1.660	1.300	1.317	0.1	0.465	0.315	2.6	0.024	10000	0.0	-8.8
s_concert_hall_dcy50	tw	1.903	1.888	1.863	1.947	1.895	1.653	1.309	1.335	0.1	0.469	0.315	2.6	0.032	10000	0.0	-9.0
s_concert_hall_dcy70	oracle	3.285	3.280	3.042	2.791	2.658	2.320	1.758	2.072	0.1	0.515	0.365	1.6	0.047	10000	0.0	-8.5
s_concert_hall_dcy70	tw	2.854	2.960	3.022	2.896	2.745	2.295	1.705	2.055	0.1	0.507	0.310	1.6	0.053	10000	0.0	-8.6
s_concert_hall_dcy90	oracle	4.598	4.484	4.349	3.920	3.540	2.965	2.096	3.029	0.1	0.537	0.320	0.4	0.050	8000	0.0	-8.1
s_concert_hall_dcy90	tw	4.096	4.214	4.096	3.835	3.484	2.842	2.007	3.015	0.1	0.532	0.310	0.4	0.058	8000	0.0	-8.1
s_concert_hall_dcyB0	oracle	6.757	6.333	6.173	5.630	4.872	3.891	2.549	4.455	0.1	0.551	0.265	-1.1	0.050	8000	0.0	-7.4
s_concert_hall_dcyB0	tw	6.011	5.717	5.463	5.150	4.581	3.617	2.399	4.528	0.1	0.548	0.310	-1.1	0.061	8000	0.0	-7.5
s_concert_hall_dcyD0	oracle	10.545	10.140	9.464	8.671	7.442	5.399	3.139	7.429	0.1	0.560	0.315	-3.1	0.049	8000	0.0	-6.3
s_concert_hall_dcyD0	tw	9.067	8.601	8.348	7.854	6.730	4.957	2.958	7.561	0.1	0.560	0.315	-3.1	0.061	8000	0.0	-6.3
s_concert_hall_dcyF0	oracle	18.408	18.494	18.653	17.270	14.068	9.056	4.146	18.799	0.1	0.569	0.310	-6.6	0.047	8000	0.0	-3.9
s_concert_hall_dcyF0	tw	18.434	17.941	17.551	16.410	12.760	7.958	3.796	15.856	0.1	0.575	0.310	-6.5	0.060	8000	0.0	-4.1
s_concert_hall_dep00	oracle	3.567	3.465	2.993	2.531	2.249	1.923	1.470	1.823	0.1	0.499	0.360	4.1	0.037	8000	0.0	-9.1
s_concert_hall_dep00	tw	3.244	3.179	2.957	2.603	2.296	1.925	1.473	1.853	0.1	0.512	0.355	4.1	0.043	8000	0.0	-9.2
s_concert_hall_dep55	oracle	3.583	3.483	2.980	2.526	2.232	1.876	1.429	1.846	0.1	0.489	0.315	1.7	0.027	10000	0.0	-8.6
s_concert_hall_dep55	tw	3.280	3.211	2.948	2.582	2.291	1.884	1.432	1.846	0.1	0.495	0.310	1.7	0.032	8000	0.0	-8.7
s_concert_hall_depAA	oracle	3.691	3.469	3.062	2.511	2.232	1.862	1.419	2.088	0.1	0.479	0.375	-4.7	0.030	10000	0.0	-8.7
s_concert_hall_depAA	tw	3.395	3.325	3.002	2.552	2.255	1.872	1.439	2.065	0.1	0.489	0.300	-4.7	0.021	10000	0.0	-8.8
s_concert_hall_depFF	oracle	3.585	3.488	2.980	2.524	2.231	1.880	1.433	1.837	0.1	0.489	0.365	2.1	0.029	10000	0.0	-9.0
s_concert_hall_depFF	tw	3.386	3.530	3.034	2.560	2.185	1.835	1.403	2.729	19.6	0.490	0.390	-25.5	0.034	10000	0.0	-10.8
s_concert_hall_dif00	oracle	3.616	3.413	3.032	2.542	2.234	1.874	1.459	1.902	19.5	0.257	0.485	2.4	0.037	8000	0.0	-8.5
s_concert_hall_dif00	tw	3.407	3.317	2.987	2.598	2.319	1.906	1.436	1.913	19.5	0.275	0.485	2.3	0.037	8000	0.0	-8.6
s_concert_hall_dif40	oracle	3.583	3.483	2.980	2.526	2.232	1.876	1.429	1.846	0.1	0.489	0.315	1.7	0.027	10000	0.0	-8.6
s_concert_hall_dif40	tw	3.280	3.211	2.948	2.582	2.291	1.884	1.432	1.846	0.1	0.495	0.310	1.7	0.032	8000	0.0	-8.7
s_concert_hall_dif80	oracle	3.621	3.410	2.979	2.504	2.219	1.862	1.439	1.853	0.1	0.724	0.240	0.9	0.029	10000	0.0	-8.6
s_concert_hall_dif80	tw	3.221	3.160	2.849	2.540	2.293	1.882	1.423	1.859	0.1	0.719	0.235	0.9	0.030	10000	0.0	-8.7
s_concert_hall_difC0	oracle	3.826	3.456	3.126	2.584	2.283	1.907	1.441	1.927	0.1	0.687	0.265	0.3	0.049	10000	0.0	-8.4
s_concert_hall_difC0	tw	3.405	3.358	2.922	2.597	2.363	1.930	1.451	1.953	0.1	0.678	0.235	0.2	0.042	10000	0.0	-8.5
s_concert_hall_difFF	oracle	3.826	3.456	3.126	2.584	2.283	1.907	1.441	1.927	0.1	0.687	0.265	0.3	0.049	10000	0.0	-8.4
s_concert_hall_difFF	tw	3.405	3.358	2.922	2.597	2.363	1.930	1.451	1.953	0.1	0.678	0.235	0.2	0.042	10000	0.0	-8.5
s_concert_hall_dopoff_burst	oracle	3.164	3.272	3.222	2.544	2.173	1.913	1.475	1.826	7.8	0.000	0.000	0.0	0.000	10000	0.0	-10.3
s_concert_hall_dopoff_burst	tw	3.063	3.526	2.973	2.592	2.205	1.873	1.468	1.889	7.8	0.000	0.000	0.0	0.000	10000	0.0	-10.4
s_concert_hall_modeoff_sine	oracle	0.000	0.000	2.082	2.078	2.076	0.000	0.000	2.160	12.3	0.000	0.000	0.0	0.000	0	-48.7	-3.1
s_concert_hall_modeoff_sine	tw	0.000	0.000	2.082	2.078	2.076	0.000	0.000	2.156	12.3	0.000	0.000	0.0	0.000	0	-48.7	-3.2
s_concert_hall_modeoff_swp	oracle	3.547	3.184	3.255	2.692	2.297	1.969	1.612	1.920	0.1	0.434	0.470	1.7	0.024	10000	0.0	-8.5
s_concert_hall_modeoff_swp	tw	3.548	3.183	3.257	2.692	2.301	1.977	1.621	1.919	0.1	0.436	0.470	1.7	0.024	10000	0.0	-8.6
s_concert_hall_pd40	oracle	3.592	3.421	2.874	2.524	2.181	1.830	1.423	1.901	81.7	0.482	0.360	1.7	0.029	8000	0.0	-8.6
s_concert_hall_pd40	tw	3.301	3.231	2.979	2.553	2.286	1.833	1.393	1.877	81.7	0.506	0.305	1.7	0.031	10000	0.0	-8.7
s_concert_hall_pdA0	oracle	3.691	3.332	2.735	2.507	2.160	1.824	1.411	4.388	449.9	0.484	0.310	1.7	0.019	8000	0.0	-8.6
s_concert_hall_pdA0	tw	3.192	3.350	2.848	2.363	2.126	1.743	1.314	4.456	449.9	0.494	0.305	1.7	0.028	8000	0.0	-8.7
s_concert_hall_tre20	oracle	3.489	3.225	2.455	1.728	1.307	1.020	0.880	1.850	0.2	0.720	0.235	2.0	0.110	2500	0.0	-16.5
s_concert_hall_tre20	tw	3.213	2.930	2.386	1.765	1.289	1.014	0.873	1.793	0.2	0.685	0.245	2.0	0.097	2500	0.0	-16.5
s_concert_hall_tre60	oracle	3.578	3.462	2.924	2.402	1.951	1.475	1.089	1.775	0.1	0.550	0.365	1.9	0.059	5000	0.0	-11.6
s_concert_hall_tre60	tw	3.277	3.187	2.884	2.455	1.995	1.476	1.088	1.786	0.2	0.550	0.255	1.8	0.055	5000	0.0	-11.6
s_concert_hall_treA0	oracle	3.583	3.475	2.974	2.512	2.199	1.818	1.361	1.829	0.1	0.495	0.310	1.8	0.025	8000	0.0	-9.1
s_concert_hall_treA0	tw	3.280	3.209	2.943	2.570	2.258	1.826	1.361	1.825	0.2	0.501	0.315	1.8	0.030	8000	0.0	-9.2
s_concert_hall_treE0	oracle	3.585	3.479	2.985	2.542	2.295	2.023	1.619	1.913	0.1	0.487	0.365	1.6	0.034	12500	0.0	-7.2
s_concert_hall_treE0	tw	3.280	3.214	2.958	2.601	2.353	2.026	1.635	1.909	0.1	0.486	0.315	1.6	0.035	12500	0.0	-7.4
s_concert_hall_treFE	oracle	3.587	3.480	2.987	2.549	2.319	2.086	1.742	1.953	0.1	0.487	0.365	1.6	0.038	12500	0.0	-6.3
s_concert_hall_treFE	tw	3.281	3.214	2.960	2.607	2.375	2.089	1.753	1.947	0.1	0.489	0.310	1.6	0.036	12500	0.0	-6.6
s_concert_hall_xov10	oracle	6.090	4.793	3.212	2.102	1.763	1.489	1.161	1.686	0.1	0.469	0.310	1.9	0.023	10000	0.0	-8.6
s_concert_hall_xov10	tw	6.243	4.614	3.131	2.164	1.785	1.478	1.175	1.703	0.1	0.479	0.315	1.9	0.027	10000	0.0	-8.7
s_concert_hall_xov30	oracle	7.027	6.551	5.645	4.003	2.603	1.817	1.267	3.083	0.1	0.495	0.310	0.6	0.024	6300	0.0	-8.2
s_concert_hall_xov30	tw	7.146	6.545	5.602	4.010	2.623	1.811	1.281	3.058	0.1	0.507	0.355	0.5	0.024	6300	0.0	-8.2
s_concert_hall_xov60	oracle	7.146	6.961	6.574	5.553	4.030	2.549	1.501	4.388	0.1	0.504	0.310	-0.6	0.027	6300	0.0	-7.7
s_concert_hall_xov60	tw	7.266	6.948	6.575	5.636	4.002	2.539	1.519	4.311	0.1	0.519	0.350	-0.7	0.024	6300	0.0	-7.7
s_concert_hall_xovA0	oracle	7.172	7.048	6.824	6.252	5.131	3.553	1.973	5.167	0.1	0.507	0.315	-1.5	0.031	6300	0.0	-7.2
s_concert_hall_xovA0	tw	7.286	7.034	6.848	6.343	5.144	3.509	1.988	5.094	0.1	0.525	0.350	-1.6	0.027	6300	0.0	-7.3
s_concert_hall_xovE0	oracle	7.178	7.068	6.890	6.466	5.562	4.168	2.460	5.531	0.1	0.509	0.315	-2.0	0.032	8000	0.0	-7.0
s_concert_hall_xovE0	tw	7.290	7.051	6.914	6.544	5.613	4.142	2.450	5.467	0.1	0.526	0.355	-2.0	0.028	8000	0.0	-7.0
s_plate_dcy10	oracle	0.835	0.808	0.845	0.813	0.798	0.809	0.758	0.819	0.2	0.790	0.250	-0.9	0.063	12500	0.0	-6.2
s_plate_dcy10	tw	0.857	0.893	0.898	0.835	0.861	0.848	0.797	0.855	0.2	0.676	0.375	-0.9	0.061	12500	0.0	-7.7
s_plate_dcy30	oracle	1.182	1.218	1.166	1.236	1.166	1.155	1.074	1.151	0.2	0.802	0.275	-1.5	0.051	12500	0.0	-5.8
s_plate_dcy30	tw	1.224	1.249	1.257	1.190	1.151	1.147	1.092	1.154	0.2	0.727	0.185	-1.4	0.048	12500	0.0	-7.3
s_plate_dcy50	oracle	1.745	1.875	1.745	1.832	1.740	1.701	1.523	1.621	0.2	0.865	0.180	-2.3	0.042	12500	0.0	-5.2
s_plate_dcy50	tw	1.879	1.952	1.830	1.758	1.722	1.660	1.519	1.670	0.2	0.804	0.185	-2.2	0.040	12500	0.0	-6.6
s_plate_dcy70	oracle	2.767	3.052	2.851	2.927	2.821	2.656	2.307	2.463	0.2	0.891	0.180	-3.5	0.041	12500	0.0	-4.1
s_plate_dcy70	tw	2.925	3.231	2.899	2.778	2.666	2.464	2.117	2.511	0.2	0.847	0.185	-3.5	0.045	12500	0.0	-5.6
s_plate_dcy90	oracle	4.398	4.546	4.426	4.300	4.104	3.721	3.112	3.639	0.2	0.892	0.180	-5.1	0.033	12500	0.0	-3.1
s_plate_dcy90	tw	4.471	4.555	4.089	3.843	3.707	3.407	2.795	3.697	0.2	0.854	0.190	-5.1	0.043	12500	0.0	-4.5
s_plate_dcyB0	oracle	6.456	6.496	6.306	6.011	5.601	5.041	4.043	5.315	0.2	0.894	0.180	-6.6	0.029	12500	0.0	-2.1
s_plate_dcyB0	tw	6.114	6.008	5.494	5.337	5.070	4.602	3.640	5.245	0.2	0.864	0.190	-6.6	0.045	12500	0.0	-3.5
s_plate_dcyD0	oracle	10.418	10.411	9.819	9.493	8.882	7.756	5.795	9.338	0.2	0.899	0.180	-9.0	0.031	12500	0.0	-0.3
s_plate_dcyD0	tw	9.275	9.275	9.020	8.700	8.240	7.215	5.285	8.611	0.2	0.870	0.185	-8.9	0.049	12500	0.0	-1.8
s_plate_dcyF0	oracle	17.781	17.895	17.535	17.377	16.253	13.371	8.969	19.403	0.2	0.877	0.180	-12.3	0.029	12500	0.0	2.3
s_plate_dcyF0	tw	17.000	17.433	17.261	17.102	15.706	12.735	8.127	15.876	0.2	0.874	0.190	-12.0	0.052	12500	0.0	0.6
s_plate_modeoff_sine	oracle	18.917	2.227	1.616	1.618	1.623	7.764	8.665	0.809	12.3	0.000	0.000	0.0	0.000	0	-48.6	0.7
s_plate_modeoff_sine	tw	0.000	0.000	1.612	1.614	1.617	0.000	0.000	0.830	12.8	0.000	0.000	0.0	0.000	0	-48.6	-0.1
s_room_dcy10	oracle	0.428	0.421	0.430	0.405	0.399	0.378	0.333	0.630	0.1	0.862	0.130	2.4	0.089	8000	0.0	-9.0
s_room_dcy10	tw	0.486	0.407	0.403	0.369	0.405	0.384	0.325	0.632	0.1	0.826	0.165	2.4	0.082	8000	0.0	-9.1
s_room_dcy30	oracle	0.704	0.729	0.670	0.664	0.665	0.610	0.530	0.637	0.1	0.861	0.130	2.5	0.074	8000	0.0	-9.0
s_room_dcy30	tw	0.716	0.635	0.644	0.649	0.665	0.609	0.532	0.639	0.1	0.852	0.135	2.5	0.078	8000	0.0	-9.1
s_room_dcy50	oracle	1.134	1.127	1.013	0.995	0.972	0.884	0.718	0.723	0.1	0.855	0.135	2.4	0.084	8000	0.0	-8.8
s_room_dcy50	tw	1.071	0.977	0.965	0.987	0.991	0.884	0.714	0.723	0.1	0.849	0.135	2.4	0.085	8000	0.0	-8.9
s_room_dcy70	oracle	1.761	1.627	1.606	1.468	1.452	1.263	0.971	1.123	0.1	0.868	0.135	1.8	0.076	8000	0.0	-8.4
s_room_dcy70	tw	1.753	1.468	1.542	1.454	1.433	1.257	0.959	1.080	0.1	0.877	0.130	1.8	0.083	6300	0.0	-8.6
s_room_dcy90	oracle	2.578	2.203	2.199	2.093	1.908	1.626	1.174	1.626	0.1	0.885	0.120	0.6	0.067	6300	0.0	-8.0
s_room_dcy90	tw	2.365	2.053	2.072	1.970	1.912	1.626	1.176	1.569	0.1	0.891	0.125	0.6	0.079	6300	0.0	-8.1
s_room_dcyB0	oracle	3.777	3.448	3.114	3.062	2.663	2.169	1.448	2.333	0.1	0.893	0.115	-1.0	0.068	6300	0.0	-7.3
s_room_dcyB0	tw	3.499	3.144	3.153	2.924	2.685	2.157	1.457	2.327	0.1	0.901	0.115	-1.0	0.080	6300	0.0	-7.4
s_room_dcyD0	oracle	6.625	5.976	5.317	4.985	4.244	3.205	1.867	3.858	0.1	0.903	0.110	-3.0	0.066	6300	0.0	-6.1
s_room_dcyD0	tw	5.691	5.068	4.856	4.505	3.961	3.002	1.844	3.819	0.1	0.905	0.115	-3.1	0.079	6300	0.0	-6.2
s_room_dcyF0	oracle	13.518	12.634	11.963	11.103	8.957	5.688	2.643	10.177	0.1	0.913	0.110	-6.5	0.071	6300	0.0	-3.8
s_room_dcyF0	tw	10.539	10.087	9.543	8.993	7.377	4.832	2.469	9.190	0.1	0.909	0.110	-6.5	0.080	6300	0.0	-3.9
